{
  "file": "2018oh_binned",
  "t_exp": 58145.218154703565,
  "n_components": 2,
  "equations": [
    "x2 * (((x0 + 3.2511826) * ((x1 * -172.21019) + 1291.3285)) + -4851.401)",
    "((((-809.98016 - (x0 * -103.41131)) * x0) + 1000.8261) * x2) - -127.51326"
  ],
  "csv": "TESS_Residual_Symbolic_Regression/csv/2018oh_binned_equivariant.csv",
  "components_csv": "TESS_Residual_Symbolic_Regression/csv/2018oh_binned_equivariant_components.csv",
  "r2": 0.9938270297898193,
  "r2_by_order": [
    0.9795655964800686,
    0.9938270297898193
  ],
  "duplicates": 10,
  "t0_range": [
    -2.5,
    2.5
  ],
  "t0_step": 0.25,
  "a_range": [
    0.0,
    5.0
  ]
}