{
  "file": "2020tld_binned",
  "t_exp": 59104.6256786985,
  "n_components": 2,
  "equations": [
    "A * ((t * (7.1004944 - (t * -0.33884227))) - -2.6790173)",
    "A * ((sin(((-1.4477792 - t) * (t * 0.37815323)) - 3.0726159) * -2.1047285) + sin(t))"
  ],
  "ebic_by_order": [
    2869.6560082784845,
    2567.094987550832
  ],
  "ebic_by_order_norm": [
    3.605095487787041,
    3.2249937029533062
  ],
  "ebic_last_rejected": 2557.0032865014423,
  "ebic_last_rejected_norm": 3.212315686559601,
  "ebic_last_rejected_index": 3,
  "csv": "TESS_Symmetry_Informed_Residual_Symbolic_Regression/csv/2020tld_binned_symmetry_informed.csv",
  "components_csv": "TESS_Symmetry_Informed_Residual_Symbolic_Regression/csv/2020tld_binned_symmetry_components.csv",
  "r2": 0.9967570637823226,
  "r2_by_order": [
    0.9940013063551996,
    0.9967570637823226
  ],
  "duplicates": 25,
  "t0_range": [
    -0.8250000000000001,
    0.8250000000000001
  ],
  "t0_step": 0.25,
  "a_range": [
    0.0,
    5.0
  ]
}