{
  "file": "2023inb_binned",
  "t_exp": 60072.55642022566,
  "n_components": 2,
  "equations": [
    "((((x1 * 0.13723537) - -6.0391703) * (x0 - x1)) + 2.6076689) * x2",
    "(x2 * 7.3019557) * sin((x0 - x1) * -0.564355)"
  ],
  "csv": "TESS_Residual_Symbolic_Regression/csv/2023inb_binned_equivariant.csv",
  "components_csv": "TESS_Residual_Symbolic_Regression/csv/2023inb_binned_equivariant_components.csv",
  "r2": 0.9969203596745959,
  "r2_by_order": [
    0.9807629750979916,
    0.9969203596745959
  ],
  "duplicates": 10,
  "t0_range": [
    -2.5,
    2.5
  ],
  "t0_step": 0.25,
  "a_range": [
    0.0,
    5.0
  ]
}